title,link,price
Telefon akkumulyatoru,https://tap.az/elanlar/elektronika/telefonlar/24913550,5
"Telefon ""Samsung""",https://tap.az/elanlar/elektronika/telefonlar/24913062,20
Telefon arxalıqları,https://tap.az/elanlar/elektronika/telefonlar/24911808,10
Telefon altlığı ,https://tap.az/elanlar/ev-ve-bag-ucun/mebel/24911733,385
Telefon arxalıqları,https://tap.az/elanlar/elektronika/telefonlar/24910954,9
Telefon altlığı ,https://tap.az/elanlar/ev-ve-bag-ucun/mebel/24910785,95
"Telefon ""Samsung""",https://tap.az/elanlar/elektronika/telefonlar/24910595,25
"""Hoffmann"" telefonu",https://tap.az/elanlar/elektronika/telefonlar/24910317,18
Telefon altlığı,https://tap.az/elanlar/ev-ve-bag-ucun/mebel/24909078,100
"Telefon ""Wiko""",https://tap.az/elanlar/elektronika/telefonlar/24908723,30
Stasionar telefon ,https://tap.az/elanlar/elektronika/telefonlar/24908276,30
Planşet və telefon tutacağı,https://tap.az/elanlar/elektronika/plansetler/24908243,30
Foto telefon üzlüyü,https://tap.az/elanlar/sexsi-esyalar/aksesuarlar/24908072,15
"""Nokia"" telefonu",https://tap.az/elanlar/elektronika/telefonlar/24907830,20
Telefon keysləri,https://tap.az/elanlar/elektronika/telefonlar/24907432,"1,50"
Stasionar telefon ,https://tap.az/elanlar/elektronika/telefonlar/24907382,40
"Telefon ""Nokia""",https://tap.az/elanlar/elektronika/telefonlar/24906306,25
Telefon üçün ekran boyüdən,https://tap.az/elanlar/elektronika/telefonlar/24903986,15
Stasionar telefon,https://tap.az/elanlar/elektronika/telefonlar/24903219,10
Telefon qutuları,https://tap.az/elanlar/elektronika/telefonlar/24902695,5
"Stasionar telefon ""Philips""",https://tap.az/elanlar/elektronika/telefonlar/24902225,15
"Telefon ""LG""",https://tap.az/elanlar/elektronika/telefonlar/24902279,10
"Telefon ""Samsung""",https://tap.az/elanlar/elektronika/telefonlar/24901631,50
Stasionar telefon ,https://tap.az/elanlar/elektronika/telefonlar/24900980,35
Telefon adapteri,https://tap.az/elanlar/elektronika/telefonlar/24900256,13
Telefon qabı-çanta,https://tap.az/elanlar/hobbi-ve-asude/velosipedler/24897606,19
"Telefon ""Hope""",https://tap.az/elanlar/elektronika/telefonlar/24897040,35
"Telefon ""Samsung""",https://tap.az/elanlar/elektronika/telefonlar/24896963,30
"Telefon ""KGTEL E1200""",https://tap.az/elanlar/elektronika/telefonlar/24896511,35
